{"谐 ":74848.07,
"协肖协锌 ":111777.0,
"械鸨谢斜泄 ":475083.7,
"穰协瓠 ":555189.0,
"鸢邪鸢 ":4269.06,
"锌鹂鸱鹂鸸 ":171355.36000000002,
"屑皈效肖 ":123669.0,
"芯鹁 ":32784.4,
"谐 ":407958.14999999997,
"瓞协 ":122743.0}